{
  "type": "HTTP",
  "managed": false,
  "description": "",
  "shortDesc": "https://query.wikidata.org/sparql?query\u003dSELECT%20DISTINCT%20%3ForgLabel%20%3FsiegeLabel%20%3FGPS%20%3FaltLabel%0AWHERE%20%7B%0A%20%20%3Fpays%20wdt%3AP31%20wd%3AQ6256.%0A%20%20%3Fpays%20wdt%3AP463%20%3Forg.%0A%20%20%3Forg%20wdt%3AP159%20%3Fsiege.%0A%20%20%3Fsiege%20wdt%3AP625%20%3FGPS.%0A%20%20SERVICE%20wikibase%3Alabel%20%7B%20bd%3AserviceParam%20wikibase%3Alanguage%20%22en%22.%20%7D%0A%0AOPTIONAL%20%7B%20%3Forg%20skos%3AaltLabel%20%3FaltLabel%20.%20FILTER%20%28lang%28%3FaltLabel%29%20%3D%20%22en%22%29%20%7D%7D\u0026format\u003djson\nhttps://query.wikidata.org/sparql?query\u003dSELECT%20%3ForgLabel%20%3FsiegeLabel%20%3FGPS%20%3FaltLabel%0AWHERE%20%7B%0A%20%20%3Forg%20wdt%3AP31%20wd%3AQ245065.%0A%20%20%3Forg%20wdt%3AP159%20%3Fsiege.%0A%20%20OPTIONAL%7B%3Fsiege%20wdt%3AP625%20%3FGPS.%7D%0A%20%20SERVICE%20wikibase%3Alabel%20%7B%0A%20%20%20%20bd%3AserviceParam%20wikibase%3Alanguage%20%22en%22.%0A%20%20%7D%0AOPTIONAL%20%7B%20%3Forg%20skos%3AaltLabel%20%3FaltLabel%20.%20FILTER%20%28lang%28%3FaltLabel%29%20%3D%20%22en%22%29%20%7D%7D\u0026format\u003djson\nhttps://query.wikidata.org/sparql?query\u003dSELECT%20%3ForgLabel%20%3FsiegeLabel%20%3FGPS%20%3FaltLabel%0AWHERE%20%7B%0A%20%20%3Forg%20wdt%3AP31%20wd%3AQ484652.%0A%20%20%3Forg%20wdt%3AP159%20%3Fsiege.%0A%20%20OPTIONAL%7B%3Fsiege%20wdt%3AP625%20%3FGPS.%7D%0A%20%20SERVICE%20wikibase%3Alabel%20%7B%0A%20%20%20%20bd%3AserviceParam%20wikibase%3Alanguage%20%22en%22.%0A%20%20%7D%0AOPTIONAL%20%7B%20%3Forg%20skos%3AaltLabel%20%3FaltLabel%20.%20FILTER%20%28lang%28%3FaltLabel%29%20%3D%20%22en%22%29%20%7D%7D\u0026format\u003djson\nhttps://query.wikidata.org/sparql?query\u003dSELECT%20%3ForgLabel%20%3FsiegeLabel%20%3FGPS%20%3FaltLabel%0AWHERE%20%7B%0A%20%20%3Forg%20wdt%3AP31%20wd%3AQ7210356.%0A%20%20%3Forg%20wdt%3AP159%20%3Fsiege.%0A%20%20OPTIONAL%7B%3Fsiege%20wdt%3AP625%20%3FGPS.%7D%0A%20%20SERVICE%20wikibase%3Alabel%20%7B%0A%20%20%20%20bd%3AserviceParam%20wikibase%3Alanguage%20%22en%22.%0A%20%20%7D%0A%0AOPTIONAL%20%7B%20%3Forg%20skos%3AaltLabel%20%3FaltLabel%20.%20FILTER%20%28lang%28%3FaltLabel%29%20%3D%20%22en%22%29%20%7D%7D\u0026format\u003djson﻿",
  "formatType": "json",
  "checklists": {
    "checklists": []
  },
  "customMeta": {
    "kv": {}
  },
  "flowOptions": {
    "virtualizable": false,
    "rebuildBehavior": "NORMAL",
    "crossProjectBuildBehavior": "DEFAULT"
  },
  "readWriteOptions": {
    "preserveOrder": false,
    "writeBuckets": 1,
    "forceSingleOutputFile": false,
    "defaultReadOrdering": {
      "enabled": false,
      "rules": []
    }
  },
  "formatParams": {
    "nestedArraysHandling": "PRESERVE",
    "extractFromSingleElement": true,
    "rootPath": "results.bindings",
    "nestedArraysMaxElements": 100,
    "nestedArraysMaxContentSize": 300000,
    "headerRow": false
  },
  "partitioning": {
    "ignoreNonMatchingFile": false,
    "considerMissingRequestedPartitionsAsEmpty": false,
    "dimensions": []
  },
  "versionTag": {
    "versionNumber": 0,
    "lastModifiedBy": {
      "login": "admin"
    },
    "lastModifiedOn": 1583740681427
  },
  "creationTag": {
    "versionNumber": 0,
    "lastModifiedBy": {
      "login": "admin"
    },
    "lastModifiedOn": 1583740681427
  },
  "tags": [],
  "params": {
    "sources": [
      {
        "url": "https://query.wikidata.org/sparql?query\u003dSELECT%20DISTINCT%20%3ForgLabel%20%3FsiegeLabel%20%3FGPS%20%3FaltLabel%0AWHERE%20%7B%0A%20%20%3Fpays%20wdt%3AP31%20wd%3AQ6256.%0A%20%20%3Fpays%20wdt%3AP463%20%3Forg.%0A%20%20%3Forg%20wdt%3AP159%20%3Fsiege.%0A%20%20%3Fsiege%20wdt%3AP625%20%3FGPS.%0A%20%20SERVICE%20wikibase%3Alabel%20%7B%20bd%3AserviceParam%20wikibase%3Alanguage%20%22en%22.%20%7D%0A%0AOPTIONAL%20%7B%20%3Forg%20skos%3AaltLabel%20%3FaltLabel%20.%20FILTER%20%28lang%28%3FaltLabel%29%20%3D%20%22en%22%29%20%7D%7D\u0026format\u003djson"
      },
      {
        "url": "https://query.wikidata.org/sparql?query\u003dSELECT%20%3ForgLabel%20%3FsiegeLabel%20%3FGPS%20%3FaltLabel%0AWHERE%20%7B%0A%20%20%3Forg%20wdt%3AP31%20wd%3AQ245065.%0A%20%20%3Forg%20wdt%3AP159%20%3Fsiege.%0A%20%20OPTIONAL%7B%3Fsiege%20wdt%3AP625%20%3FGPS.%7D%0A%20%20SERVICE%20wikibase%3Alabel%20%7B%0A%20%20%20%20bd%3AserviceParam%20wikibase%3Alanguage%20%22en%22.%0A%20%20%7D%0AOPTIONAL%20%7B%20%3Forg%20skos%3AaltLabel%20%3FaltLabel%20.%20FILTER%20%28lang%28%3FaltLabel%29%20%3D%20%22en%22%29%20%7D%7D\u0026format\u003djson"
      },
      {
        "url": "https://query.wikidata.org/sparql?query\u003dSELECT%20%3ForgLabel%20%3FsiegeLabel%20%3FGPS%20%3FaltLabel%0AWHERE%20%7B%0A%20%20%3Forg%20wdt%3AP31%20wd%3AQ484652.%0A%20%20%3Forg%20wdt%3AP159%20%3Fsiege.%0A%20%20OPTIONAL%7B%3Fsiege%20wdt%3AP625%20%3FGPS.%7D%0A%20%20SERVICE%20wikibase%3Alabel%20%7B%0A%20%20%20%20bd%3AserviceParam%20wikibase%3Alanguage%20%22en%22.%0A%20%20%7D%0AOPTIONAL%20%7B%20%3Forg%20skos%3AaltLabel%20%3FaltLabel%20.%20FILTER%20%28lang%28%3FaltLabel%29%20%3D%20%22en%22%29%20%7D%7D\u0026format\u003djson"
      },
      {
        "url": "https://query.wikidata.org/sparql?query\u003dSELECT%20%3ForgLabel%20%3FsiegeLabel%20%3FGPS%20%3FaltLabel%0AWHERE%20%7B%0A%20%20%3Forg%20wdt%3AP31%20wd%3AQ7210356.%0A%20%20%3Forg%20wdt%3AP159%20%3Fsiege.%0A%20%20OPTIONAL%7B%3Fsiege%20wdt%3AP625%20%3FGPS.%7D%0A%20%20SERVICE%20wikibase%3Alabel%20%7B%0A%20%20%20%20bd%3AserviceParam%20wikibase%3Alanguage%20%22en%22.%0A%20%20%7D%0A%0AOPTIONAL%20%7B%20%3Forg%20skos%3AaltLabel%20%3FaltLabel%20.%20FILTER%20%28lang%28%3FaltLabel%29%20%3D%20%22en%22%29%20%7D%7D\u0026format\u003djson"
      }
    ],
    "consider404AsEmpty": true,
    "fallbackHeadToGet": true,
    "notReadyIfEmpty": false,
    "useGlobalProxy": true,
    "trustAnySSLCertificate": false,
    "previewPartition": "",
    "partitions": []
  },
  "schema": {
    "columns": [
      {
        "name": "altLabel.xml:lang",
        "type": "string"
      },
      {
        "name": "altLabel.type",
        "type": "string"
      },
      {
        "name": "altLabel.value",
        "type": "string"
      },
      {
        "name": "GPS.datatype",
        "type": "string"
      },
      {
        "name": "GPS.type",
        "type": "string"
      },
      {
        "name": "GPS.value",
        "type": "string"
      },
      {
        "name": "orgLabel.xml:lang",
        "type": "string"
      },
      {
        "name": "orgLabel.type",
        "type": "string"
      },
      {
        "name": "orgLabel.value",
        "type": "string"
      },
      {
        "name": "siegeLabel.xml:lang",
        "type": "string"
      },
      {
        "name": "siegeLabel.type",
        "type": "string"
      },
      {
        "name": "siegeLabel.value",
        "type": "string"
      }
    ],
    "userModified": true
  },
  "metrics": {
    "probes": [
      {
        "type": "basic",
        "enabled": true,
        "computeOnBuildMode": "PARTITION",
        "meta": {
          "name": "Basic data",
          "level": 0
        },
        "configuration": {}
      },
      {
        "type": "records",
        "enabled": true,
        "computeOnBuildMode": "NO",
        "meta": {
          "name": "Record count",
          "level": 0
        },
        "configuration": {}
      }
    ],
    "engineConfig": {
      "padRunsWithMetrics": false,
      "hive": {
        "active": true,
        "extraConf": []
      },
      "basic": {},
      "dss": {
        "active": true,
        "selection": {
          "useMemTable": false,
          "filter": {
            "distinct": false,
            "enabled": false
          },
          "partitionSelectionMethod": "ALL",
          "latestPartitionsN": 1,
          "ordering": {
            "enabled": false,
            "rules": []
          },
          "samplingMethod": "FULL",
          "maxRecords": -1,
          "targetRatio": 0.02,
          "withinFirstN": -1,
          "maxReadUncompressedBytes": -1
        }
      },
      "sql": {
        "active": true
      },
      "impala": {
        "active": true
      },
      "spark": {
        "active": true,
        "extraConf": []
      },
      "python": {}
    },
    "displayedState": {
      "columns": [],
      "metrics": [
        "basic:COUNT_COLUMNS",
        "basic:COUNT_FILES",
        "basic:SIZE",
        "records:COUNT_RECORDS"
      ]
    }
  },
  "metricsChecks": {
    "runOnBuild": false,
    "checks": [],
    "displayedState": {
      "checks": []
    }
  },
  "customFields": {}
}