{
  "type": "HTTP",
  "managed": false,
  "formatType": "json",
  "checklists": {
    "checklists": []
  },
  "customMeta": {
    "kv": {}
  },
  "flowOptions": {
    "virtualizable": false,
    "rebuildBehavior": "NORMAL",
    "crossProjectBuildBehavior": "DEFAULT"
  },
  "readWriteOptions": {
    "preserveOrder": false,
    "writeBuckets": 1,
    "forceSingleOutputFile": false,
    "defaultReadOrdering": {
      "enabled": false,
      "rules": []
    }
  },
  "formatParams": {
    "nestedArraysHandling": "PRESERVE",
    "extractFromSingleElement": true,
    "rootPath": "results.bindings",
    "nestedArraysMaxElements": 100,
    "nestedArraysMaxContentSize": 300000,
    "headerRow": false
  },
  "partitioning": {
    "ignoreNonMatchingFile": false,
    "considerMissingRequestedPartitionsAsEmpty": false,
    "dimensions": []
  },
  "versionTag": {
    "versionNumber": 0,
    "lastModifiedBy": {
      "login": "admin"
    },
    "lastModifiedOn": 1583914210816
  },
  "creationTag": {
    "versionNumber": 0,
    "lastModifiedBy": {
      "login": "admin"
    },
    "lastModifiedOn": 1583914210816
  },
  "tags": [],
  "params": {
    "sources": [
      {
        "url": "https://query.wikidata.org/sparql?query\u003dSELECT%20DISTINCT%20%3FpaysLabel%20%3FfrLabel%20%3FengLabel%0AWHERE%20%7B%0A%3Fpays%20wdt%3AP31%20wd%3AQ3624078%3B%0ASERVICE%20wikibase%3Alabel%20%7B%0Abd%3AserviceParam%20wikibase%3Alanguage%20%22en%22.%0A%7D%0AOPTIONAL%20%7B%3Fpays%20skos%3AaltLabel%20%3FfrLabel%20.%20FILTER%20%28lang%28%3FfrLabel%29%20%3D%20%22fr%22%29%20%7D%0AOPTIONAL%20%7B%3Fpays%20skos%3AaltLabel%20%3FengLabel%20.%20FILTER%20%28lang%28%3FengLabel%29%20%3D%20%22en%22%29%20%7D%0A%7D\u0026format\u003djson"
      }
    ],
    "consider404AsEmpty": true,
    "fallbackHeadToGet": true,
    "notReadyIfEmpty": false,
    "useGlobalProxy": true,
    "trustAnySSLCertificate": false,
    "previewPartition": "",
    "partitions": []
  },
  "schema": {
    "columns": [
      {
        "name": "engLabel.xml:lang",
        "type": "string"
      },
      {
        "name": "engLabel.type",
        "type": "string"
      },
      {
        "name": "engLabel.value",
        "type": "string"
      },
      {
        "name": "frLabel.xml:lang",
        "type": "string"
      },
      {
        "name": "frLabel.type",
        "type": "string"
      },
      {
        "name": "frLabel.value",
        "type": "string"
      },
      {
        "name": "paysLabel.xml:lang",
        "type": "string"
      },
      {
        "name": "paysLabel.type",
        "type": "string"
      },
      {
        "name": "paysLabel.value",
        "type": "string"
      }
    ],
    "userModified": true
  },
  "metrics": {
    "probes": [
      {
        "type": "basic",
        "enabled": true,
        "computeOnBuildMode": "PARTITION",
        "meta": {
          "name": "Basic data",
          "level": 0
        },
        "configuration": {}
      },
      {
        "type": "records",
        "enabled": true,
        "computeOnBuildMode": "NO",
        "meta": {
          "name": "Record count",
          "level": 0
        },
        "configuration": {}
      }
    ],
    "engineConfig": {
      "padRunsWithMetrics": false,
      "hive": {
        "active": true,
        "extraConf": []
      },
      "basic": {},
      "dss": {
        "active": true,
        "selection": {
          "useMemTable": false,
          "filter": {
            "distinct": false,
            "enabled": false
          },
          "partitionSelectionMethod": "ALL",
          "latestPartitionsN": 1,
          "ordering": {
            "enabled": false,
            "rules": []
          },
          "samplingMethod": "FULL",
          "maxRecords": -1,
          "targetRatio": 0.02,
          "withinFirstN": -1,
          "maxReadUncompressedBytes": -1
        }
      },
      "sql": {
        "active": true
      },
      "impala": {
        "active": true
      },
      "spark": {
        "active": true,
        "extraConf": []
      },
      "python": {}
    },
    "displayedState": {
      "columns": [],
      "metrics": [
        "basic:COUNT_COLUMNS",
        "basic:COUNT_FILES",
        "basic:SIZE",
        "records:COUNT_RECORDS"
      ]
    }
  },
  "metricsChecks": {
    "runOnBuild": false,
    "checks": [],
    "displayedState": {
      "checks": []
    }
  },
  "customFields": {}
}