{
  "type": "python",
  "neverRecomputeExistingPartitions": false,
  "optionalDependencies": false,
  "params": {
    "envSelection": {
      "envMode": "INHERIT"
    },
    "containerSelection": {
      "containerMode": "INHERIT"
    },
    "skipPrerunValidate": false
  },
  "customMeta": {
    "kv": {}
  },
  "redispatchPartitioning": false,
  "maxRunningActivities": 0,
  "inputs": {
    "main": {
      "items": [
        {
          "ref": "2018_pays_prets",
          "deps": []
        },
        {
          "ref": "2018_toutes_organisations",
          "deps": []
        }
      ]
    }
  },
  "outputs": {
    "main": {
      "items": [
        {
          "ref": "2018_finalise",
          "appendMode": false
        }
      ]
    }
  },
  "versionTag": {
    "versionNumber": 22,
    "lastModifiedBy": {
      "login": "admin"
    },
    "lastModifiedOn": 1584456798586
  },
  "creationTag": {
    "versionNumber": 0,
    "lastModifiedBy": {
      "login": "admin"
    },
    "lastModifiedOn": 1584455110980
  },
  "tags": [],
  "customFields": {},
  "checklists": {
    "checklists": []
  }
}