{
  "type": "join",
  "neverRecomputeExistingPartitions": false,
  "optionalDependencies": false,
  "customMeta": {
    "kv": {}
  },
  "redispatchPartitioning": false,
  "maxRunningActivities": 0,
  "inputs": {
    "main": {
      "items": [
        {
          "ref": "2018_pays_prepared",
          "deps": []
        },
        {
          "ref": "Armees",
          "deps": []
        },
        {
          "ref": "DepensesMilitairesPIB",
          "deps": []
        },
        {
          "ref": "Morts_guerre",
          "deps": []
        },
        {
          "ref": "Exportations",
          "deps": []
        },
        {
          "ref": "Importations",
          "deps": []
        }
      ]
    }
  },
  "outputs": {
    "main": {
      "items": [
        {
          "ref": "2018_pays_prepared_joined",
          "appendMode": false
        }
      ]
    }
  },
  "versionTag": {
    "versionNumber": 1,
    "lastModifiedBy": {
      "login": "admin"
    },
    "lastModifiedOn": 1584454577919
  },
  "creationTag": {
    "versionNumber": 0,
    "lastModifiedBy": {
      "login": "admin"
    },
    "lastModifiedOn": 1584454151736
  },
  "tags": [],
  "customFields": {},
  "checklists": {
    "checklists": []
  }
}