{
  "filters": [
    {
      "isAdvanced": false,
      "scope": "PRIVATE",
      "isDirty": true,
      "creatorLogin": "admin",
      "id": "7f8491f0b63b57dfda4fd8e6886f855b0d6b8bfb67423e4a6e90e2181d03429ab5b7206851197bed13baa5c627a87071257f4bf07451f1ff88a4fb55462b98bf",
      "creationDate": 1583768097081,
      "derivedFromFilterId": "-1",
      "structuredFlowObjectFilter": {
        "tags": [],
        "types": [],
        "creator": [],
        "customCreationDateRange": {
          "from": 0,
          "to": 0
        },
        "downstreamPredecessorsIds": [],
        "datasetTypes": [],
        "recipeTypes": []
      },
      "removeFadedElements": false,
      "query": ""
    }
  ]
}